2024-10-20 21:54:55,c2:f4:3d:23:f5:14,Unknown or Randomized MAC,ARP,
2024-10-20 21:54:55,c2:f4:3d:23:f5:14,Unknown or Randomized MAC,ARP,
2024-10-20 21:54:58,c2:f4:3d:23:f5:14,Unknown or Randomized MAC,ARP,
2024-10-20 21:54:58,c2:f4:3d:23:f5:14,Unknown or Randomized MAC,ARP,
2024-10-20 21:54:59,c2:f4:3d:23:f5:14,Unknown or Randomized MAC,ARP,
2024-10-20 21:55:04,32:23:03:de:7e:c0,Unknown or Randomized MAC,ARP,
2024-10-20 21:55:05,32:23:03:de:7e:c0,Unknown or Randomized MAC,ARP,
2024-10-20 21:55:06,c2:f4:3d:23:f5:14,Unknown or Randomized MAC,ARP,
2024-10-20 21:55:06,32:23:03:de:7e:c0,Unknown or Randomized MAC,ARP,
2024-10-20 21:55:06,c2:f4:3d:23:f5:14,Unknown or Randomized MAC,ARP,
2024-10-20 21:55:07,c2:f4:3d:23:f5:14,Unknown or Randomized MAC,ARP,
2024-10-20 21:55:09,10:ce:02:93:cd:c1,Unknown or Randomized MAC,ARP,
2024-10-20 21:55:09,32:23:03:de:7e:c0,Unknown or Randomized MAC,ARP,
2024-10-20 21:55:10,10:ce:02:93:cd:c1,Unknown or Randomized MAC,ARP,
2024-10-20 21:55:10,32:23:03:de:7e:c0,Unknown or Randomized MAC,ARP,
2024-10-20 21:55:11,10:ce:02:93:cd:c1,Unknown or Randomized MAC,ARP,
2024-10-20 21:55:11,32:23:03:de:7e:c0,Unknown or Randomized MAC,ARP,
2024-10-20 21:55:12,10:ce:02:93:cd:c1,Unknown or Randomized MAC,ARP,
2024-10-20 21:55:13,10:ce:02:93:cd:c1,Unknown or Randomized MAC,ARP,
2024-10-20 21:55:13,32:23:03:de:7e:c0,Unknown or Randomized MAC,ARP,
2024-10-20 21:55:14,10:ce:02:93:cd:c1,Unknown or Randomized MAC,ARP,
2024-10-20 21:55:14,32:23:03:de:7e:c0,Unknown or Randomized MAC,ARP,
2024-10-20 21:55:15,32:23:03:de:7e:c0,Unknown or Randomized MAC,ARP,
2024-10-20 21:55:16,32:23:03:de:7e:c0,Unknown or Randomized MAC,ARP,
2024-10-20 21:55:17,32:23:03:de:7e:c0,Unknown or Randomized MAC,ARP,
2024-10-20 21:55:18,32:23:03:de:7e:c0,Unknown or Randomized MAC,ARP,
2024-10-20 21:55:19,32:23:03:de:7e:c0,Unknown or Randomized MAC,ARP,
2024-10-20 21:55:20,32:23:03:de:7e:c0,Unknown or Randomized MAC,ARP,
2024-10-20 21:55:21,32:23:03:de:7e:c0,Unknown or Randomized MAC,ARP,
2024-10-20 21:55:23,32:23:03:de:7e:c0,Unknown or Randomized MAC,ARP,
2024-10-20 21:55:24,32:23:03:de:7e:c0,Unknown or Randomized MAC,ARP,
2024-10-20 21:55:25,32:23:03:de:7e:c0,Unknown or Randomized MAC,ARP,
2024-10-20 21:55:31,74:24:9f:2f:dd:b9,Unknown or Randomized MAC,ARP,
2024-10-20 21:55:31,32:23:03:de:7e:c0,Unknown or Randomized MAC,ARP,
2024-10-20 21:55:32,74:24:9f:2f:dd:b9,Unknown or Randomized MAC,ARP,
2024-10-20 21:55:32,32:23:03:de:7e:c0,Unknown or Randomized MAC,ARP,
2024-10-20 21:55:33,74:24:9f:2f:dd:b9,Unknown or Randomized MAC,ARP,
2024-10-20 21:55:33,32:23:03:de:7e:c0,Unknown or Randomized MAC,ARP,
2024-10-20 21:55:35,74:24:9f:2f:dd:b9,Unknown or Randomized MAC,ARP,
2024-10-20 21:55:36,74:24:9f:2f:dd:b9,Unknown or Randomized MAC,ARP,
2024-10-20 21:55:37,74:24:9f:2f:dd:b9,Unknown or Randomized MAC,ARP,
2024-10-20 21:55:38,74:24:9f:2f:dd:b9,Unknown or Randomized MAC,ARP,
2024-10-20 21:55:39,74:24:9f:2f:dd:b9,Unknown or Randomized MAC,ARP,
2024-10-20 21:55:40,74:24:9f:2f:dd:b9,Unknown or Randomized MAC,ARP,
2024-10-20 21:55:41,74:24:9f:2f:dd:b9,Unknown or Randomized MAC,ARP,
2024-10-20 21:55:42,74:24:9f:2f:dd:b9,Unknown or Randomized MAC,ARP,
2024-10-20 21:55:43,74:24:9f:2f:dd:b9,Unknown or Randomized MAC,ARP,
2024-10-20 21:55:45,74:24:9f:2f:dd:b9,Unknown or Randomized MAC,ARP,
2024-10-20 21:56:37,32:23:03:de:7e:c0,Unknown or Randomized MAC,ARP,
2024-10-20 21:56:38,32:23:03:de:7e:c0,Unknown or Randomized MAC,ARP,
2024-10-20 21:56:39,32:23:03:de:7e:c0,Unknown or Randomized MAC,ARP,
2024-10-20 21:56:44,32:23:03:de:7e:c0,Unknown or Randomized MAC,ARP,
2024-10-20 21:56:45,32:23:03:de:7e:c0,Unknown or Randomized MAC,ARP,
2024-10-20 21:56:46,32:23:03:de:7e:c0,Unknown or Randomized MAC,ARP,
2024-10-20 21:56:47,32:23:03:de:7e:c0,Unknown or Randomized MAC,ARP,
2024-10-20 21:56:48,32:23:03:de:7e:c0,Unknown or Randomized MAC,ARP,
2024-10-20 21:56:49,32:23:03:de:7e:c0,Unknown or Randomized MAC,ARP,
2024-10-20 21:56:52,32:23:03:de:7e:c0,Unknown or Randomized MAC,ARP,
2024-10-20 21:56:53,32:23:03:de:7e:c0,Unknown or Randomized MAC,ARP,
2024-10-20 21:56:54,32:23:03:de:7e:c0,Unknown or Randomized MAC,ARP,
2024-10-20 21:56:54,32:23:03:de:7e:c0,Unknown or Randomized MAC,ARP,
2024-10-20 21:56:55,32:23:03:de:7e:c0,Unknown or Randomized MAC,ARP,
2024-10-20 21:56:56,32:23:03:de:7e:c0,Unknown or Randomized MAC,ARP,
2024-10-20 21:57:02,32:23:03:de:7e:c0,Unknown or Randomized MAC,ARP,
2024-10-20 21:57:03,32:23:03:de:7e:c0,Unknown or Randomized MAC,ARP,
2024-10-20 21:57:04,32:23:03:de:7e:c0,Unknown or Randomized MAC,ARP,
2024-10-20 21:57:17,32:23:03:de:7e:c0,Unknown or Randomized MAC,ARP,
2024-10-20 21:57:18,32:23:03:de:7e:c0,Unknown or Randomized MAC,ARP,
2024-10-20 21:57:19,32:23:03:de:7e:c0,Unknown or Randomized MAC,ARP,
2024-10-20 21:57:24,32:23:03:de:7e:c0,Unknown or Randomized MAC,ARP,
2024-10-20 21:57:25,32:23:03:de:7e:c0,Unknown or Randomized MAC,ARP,
2024-10-20 21:57:26,32:23:03:de:7e:c0,Unknown or Randomized MAC,ARP,
2024-10-20 21:57:32,32:23:03:de:7e:c0,Unknown or Randomized MAC,ARP,
2024-10-20 21:57:33,32:23:03:de:7e:c0,Unknown or Randomized MAC,ARP,
2024-10-20 21:57:34,32:23:03:de:7e:c0,Unknown or Randomized MAC,ARP,
2024-10-20 21:57:45,32:23:03:de:7e:c0,Unknown or Randomized MAC,ARP,
2024-10-20 21:57:46,32:23:03:de:7e:c0,Unknown or Randomized MAC,ARP,
2024-10-20 21:57:47,32:23:03:de:7e:c0,Unknown or Randomized MAC,ARP,
2024-10-20 21:57:47,32:23:03:de:7e:c0,Unknown or Randomized MAC,ARP,
2024-10-20 21:57:48,32:23:03:de:7e:c0,Unknown or Randomized MAC,ARP,
2024-10-20 21:57:49,32:23:03:de:7e:c0,Unknown or Randomized MAC,ARP,
2024-10-20 21:57:50,32:23:03:de:7e:c0,Unknown or Randomized MAC,ARP,
2024-10-20 21:57:51,32:23:03:de:7e:c0,Unknown or Randomized MAC,ARP,
2024-10-20 21:57:52,32:23:03:de:7e:c0,Unknown or Randomized MAC,ARP,
2024-10-20 21:57:53,74:24:9f:2f:dd:b9,Unknown or Randomized MAC,DHCP,
2024-10-20 21:57:54,32:23:03:de:7e:c0,Unknown or Randomized MAC,ARP,
2024-10-20 21:57:54,32:23:03:de:7e:c0,Unknown or Randomized MAC,ARP,
2024-10-20 21:57:55,32:23:03:de:7e:c0,Unknown or Randomized MAC,ARP,
2024-10-20 21:57:55,32:23:03:de:7e:c0,Unknown or Randomized MAC,ARP,
2024-10-20 21:57:56,32:23:03:de:7e:c0,Unknown or Randomized MAC,ARP,
2024-10-20 21:57:56,32:23:03:de:7e:c0,Unknown or Randomized MAC,ARP,
2024-10-20 21:57:56,74:24:9f:2f:dd:b9,Unknown or Randomized MAC,DHCP,
2024-10-20 21:57:57,32:23:03:de:7e:c0,Unknown or Randomized MAC,ARP,
2024-10-20 21:57:58,32:23:03:de:7e:c0,Unknown or Randomized MAC,ARP,
2024-10-20 21:57:59,32:23:03:de:7e:c0,Unknown or Randomized MAC,ARP,
2024-10-20 21:58:00,32:23:03:de:7e:c0,Unknown or Randomized MAC,ARP,
2024-10-20 21:58:01,32:23:03:de:7e:c0,Unknown or Randomized MAC,ARP,
2024-10-20 21:58:02,32:23:03:de:7e:c0,Unknown or Randomized MAC,ARP,
2024-10-20 21:58:02,32:23:03:de:7e:c0,Unknown or Randomized MAC,ARP,
2024-10-20 21:58:03,32:23:03:de:7e:c0,Unknown or Randomized MAC,ARP,
2024-10-20 21:58:04,32:23:03:de:7e:c0,Unknown or Randomized MAC,ARP,
2024-10-20 21:58:04,32:23:03:de:7e:c0,Unknown or Randomized MAC,ARP,
2024-10-20 21:58:05,32:23:03:de:7e:c0,Unknown or Randomized MAC,ARP,
2024-10-20 21:58:06,32:23:03:de:7e:c0,Unknown or Randomized MAC,ARP,
2024-10-20 21:58:08,32:23:03:de:7e:c0,Unknown or Randomized MAC,ARP,
2024-10-20 21:58:09,32:23:03:de:7e:c0,Unknown or Randomized MAC,ARP,
2024-10-20 21:58:10,32:23:03:de:7e:c0,Unknown or Randomized MAC,ARP,
2024-10-20 21:58:12,32:23:03:de:7e:c0,Unknown or Randomized MAC,ARP,
2024-10-20 21:58:13,32:23:03:de:7e:c0,Unknown or Randomized MAC,ARP,
2024-10-20 21:58:14,32:23:03:de:7e:c0,Unknown or Randomized MAC,ARP,
2024-10-20 21:58:15,32:23:03:de:7e:c0,Unknown or Randomized MAC,ARP,
2024-10-20 21:58:16,32:23:03:de:7e:c0,Unknown or Randomized MAC,ARP,
2024-10-20 21:58:17,32:23:03:de:7e:c0,Unknown or Randomized MAC,ARP,
2024-10-20 21:58:23,32:23:03:de:7e:c0,Unknown or Randomized MAC,ARP,
2024-10-20 21:58:24,32:23:03:de:7e:c0,Unknown or Randomized MAC,ARP,
2024-10-20 21:58:25,32:23:03:de:7e:c0,Unknown or Randomized MAC,ARP,
2024-10-20 21:58:48,32:23:03:de:7e:c0,Unknown or Randomized MAC,ARP,
2024-10-20 21:58:49,32:23:03:de:7e:c0,Unknown or Randomized MAC,ARP,
2024-10-20 21:58:50,32:23:03:de:7e:c0,Unknown or Randomized MAC,ARP,
2024-10-20 21:58:55,32:23:03:de:7e:c0,Unknown or Randomized MAC,ARP,
2024-10-20 21:58:56,32:23:03:de:7e:c0,Unknown or Randomized MAC,ARP,
2024-10-20 21:58:58,32:23:03:de:7e:c0,Unknown or Randomized MAC,ARP,
2024-10-20 21:59:03,32:23:03:de:7e:c0,Unknown or Randomized MAC,ARP,
2024-10-20 21:59:04,32:23:03:de:7e:c0,Unknown or Randomized MAC,ARP,
2024-10-20 21:59:05,32:23:03:de:7e:c0,Unknown or Randomized MAC,ARP,
2024-10-20 21:59:06,32:23:03:de:7e:c0,Unknown or Randomized MAC,ARP,
2024-10-20 21:59:07,32:23:03:de:7e:c0,Unknown or Randomized MAC,ARP,
2024-10-20 21:59:08,32:23:03:de:7e:c0,Unknown or Randomized MAC,ARP,
2024-10-20 21:59:13,32:23:03:de:7e:c0,Unknown or Randomized MAC,ARP,
2024-10-20 21:59:14,32:23:03:de:7e:c0,Unknown or Randomized MAC,ARP,
2024-10-20 21:59:15,32:23:03:de:7e:c0,Unknown or Randomized MAC,ARP,
2024-10-20 21:59:21,32:23:03:de:7e:c0,Unknown or Randomized MAC,ARP,
2024-10-20 21:59:22,32:23:03:de:7e:c0,Unknown or Randomized MAC,ARP,
2024-10-20 21:59:23,32:23:03:de:7e:c0,Unknown or Randomized MAC,ARP,
2024-10-20 21:59:46,32:23:03:de:7e:c0,Unknown or Randomized MAC,ARP,
2024-10-20 21:59:47,32:23:03:de:7e:c0,Unknown or Randomized MAC,ARP,
2024-10-20 22:00:26,32:23:03:de:7e:c0,Unknown or Randomized MAC,ARP,
2024-10-20 22:00:28,32:23:03:de:7e:c0,Unknown or Randomized MAC,ARP,
2024-10-20 22:00:29,32:23:03:de:7e:c0,Unknown or Randomized MAC,ARP,
2024-10-20 22:00:34,32:23:03:de:7e:c0,Unknown or Randomized MAC,ARP,
2024-10-20 22:00:35,32:23:03:de:7e:c0,Unknown or Randomized MAC,ARP,
2024-10-20 22:00:36,32:23:03:de:7e:c0,Unknown or Randomized MAC,ARP,
2024-10-20 22:00:42,32:23:03:de:7e:c0,Unknown or Randomized MAC,ARP,
2024-10-20 22:00:43,32:23:03:de:7e:c0,Unknown or Randomized MAC,ARP,
2024-10-20 22:00:44,32:23:03:de:7e:c0,Unknown or Randomized MAC,ARP,
2024-10-20 22:01:05,32:23:03:de:7e:c0,Unknown or Randomized MAC,ARP,
2024-10-20 22:01:06,32:23:03:de:7e:c0,Unknown or Randomized MAC,ARP,
2024-10-20 22:01:07,32:23:03:de:7e:c0,Unknown or Randomized MAC,ARP,
2024-10-20 22:01:10,74:24:9f:2f:dd:b9,Unknown or Randomized MAC,DHCP,
2024-10-20 22:01:12,32:23:03:de:7e:c0,Unknown or Randomized MAC,ARP,
2024-10-20 22:01:13,32:23:03:de:7e:c0,Unknown or Randomized MAC,ARP,
2024-10-20 22:01:14,32:23:03:de:7e:c0,Unknown or Randomized MAC,ARP,
2024-10-20 22:01:16,74:24:9f:2f:dd:b9,Unknown or Randomized MAC,DHCP,
2024-10-20 22:01:20,32:23:03:de:7e:c0,Unknown or Randomized MAC,ARP,
2024-10-20 22:01:20,c2:f4:3d:23:f5:14,Unknown or Randomized MAC,ARP,
2024-10-20 22:01:21,32:23:03:de:7e:c0,Unknown or Randomized MAC,ARP,
2024-10-20 22:01:22,32:23:03:de:7e:c0,Unknown or Randomized MAC,ARP,
2024-10-20 22:01:23,c2:f4:3d:23:f5:14,Unknown or Randomized MAC,ARP,
2024-10-20 22:01:23,c2:f4:3d:23:f5:14,Unknown or Randomized MAC,ARP,
2024-10-20 22:01:24,c2:f4:3d:23:f5:14,Unknown or Randomized MAC,ARP,
2024-10-20 22:01:27,c2:f4:3d:23:f5:14,Unknown or Randomized MAC,ARP,
2024-10-20 22:01:27,c2:f4:3d:23:f5:14,Unknown or Randomized MAC,ARP,
2024-10-20 22:01:28,c2:f4:3d:23:f5:14,Unknown or Randomized MAC,ARP,
2024-10-20 22:01:29,32:23:03:de:7e:c0,Unknown or Randomized MAC,ARP,
2024-10-20 22:01:30,32:23:03:de:7e:c0,Unknown or Randomized MAC,ARP,
2024-10-20 22:01:31,32:23:03:de:7e:c0,Unknown or Randomized MAC,ARP,
2024-10-20 22:01:35,c2:f4:3d:23:f5:14,Unknown or Randomized MAC,ARP,
2024-10-20 22:01:35,c2:f4:3d:23:f5:14,Unknown or Randomized MAC,ARP,
2024-10-20 22:01:36,32:23:03:de:7e:c0,Unknown or Randomized MAC,ARP,
2024-10-20 22:01:36,c2:f4:3d:23:f5:14,Unknown or Randomized MAC,ARP,
2024-10-20 22:01:37,32:23:03:de:7e:c0,Unknown or Randomized MAC,ARP,
2024-10-20 22:01:38,32:23:03:de:7e:c0,Unknown or Randomized MAC,ARP,
2024-10-20 22:01:44,32:23:03:de:7e:c0,Unknown or Randomized MAC,ARP,
2024-10-20 22:01:45,32:23:03:de:7e:c0,Unknown or Randomized MAC,ARP,
2024-10-20 22:01:46,32:23:03:de:7e:c0,Unknown or Randomized MAC,ARP,
2024-10-20 22:02:00,c2:f4:3d:23:f5:14,Unknown or Randomized MAC,ARP,
2024-10-20 22:02:03,c2:f4:3d:23:f5:14,Unknown or Randomized MAC,ARP,
2024-10-20 22:02:03,c2:f4:3d:23:f5:14,Unknown or Randomized MAC,ARP,
2024-10-20 22:02:04,c2:f4:3d:23:f5:14,Unknown or Randomized MAC,ARP,
2024-10-20 22:02:07,c2:f4:3d:23:f5:14,Unknown or Randomized MAC,ARP,
2024-10-20 22:02:07,c2:f4:3d:23:f5:14,Unknown or Randomized MAC,ARP,
2024-10-20 22:02:08,c2:f4:3d:23:f5:14,Unknown or Randomized MAC,ARP,
2024-10-20 22:02:09,32:23:03:de:7e:c0,Unknown or Randomized MAC,ARP,
2024-10-20 22:02:10,32:23:03:de:7e:c0,Unknown or Randomized MAC,ARP,
2024-10-20 22:02:11,32:23:03:de:7e:c0,Unknown or Randomized MAC,ARP,
2024-10-20 22:02:15,c2:f4:3d:23:f5:14,Unknown or Randomized MAC,ARP,
2024-10-20 22:02:15,c2:f4:3d:23:f5:14,Unknown or Randomized MAC,ARP,
2024-10-20 22:02:16,32:23:03:de:7e:c0,Unknown or Randomized MAC,ARP,
2024-10-20 22:02:16,c2:f4:3d:23:f5:14,Unknown or Randomized MAC,ARP,
2024-10-20 22:02:17,32:23:03:de:7e:c0,Unknown or Randomized MAC,ARP,
2024-10-20 22:02:18,32:23:03:de:7e:c0,Unknown or Randomized MAC,ARP,
2024-10-20 22:02:24,32:23:03:de:7e:c0,Unknown or Randomized MAC,ARP,
2024-10-20 22:02:25,32:23:03:de:7e:c0,Unknown or Randomized MAC,ARP,
2024-10-20 22:02:26,32:23:03:de:7e:c0,Unknown or Randomized MAC,ARP,
2024-10-20 22:02:44,32:23:03:de:7e:c0,Unknown or Randomized MAC,ARP,
2024-10-20 22:02:45,32:23:03:de:7e:c0,Unknown or Randomized MAC,ARP,
2024-10-20 22:02:46,32:23:03:de:7e:c0,Unknown or Randomized MAC,ARP,
2024-10-20 22:02:49,32:23:03:de:7e:c0,Unknown or Randomized MAC,ARP,
2024-10-20 22:02:50,32:23:03:de:7e:c0,Unknown or Randomized MAC,ARP,
2024-10-20 22:02:51,32:23:03:de:7e:c0,Unknown or Randomized MAC,ARP,
2024-10-20 22:02:51,32:23:03:de:7e:c0,Unknown or Randomized MAC,ARP,
2024-10-20 22:02:52,32:23:03:de:7e:c0,Unknown or Randomized MAC,ARP,
2024-10-20 22:02:53,32:23:03:de:7e:c0,Unknown or Randomized MAC,ARP,
2024-10-20 22:02:56,32:23:03:de:7e:c0,Unknown or Randomized MAC,ARP,
2024-10-20 22:02:57,32:23:03:de:7e:c0,Unknown or Randomized MAC,ARP,
2024-10-20 22:02:58,32:23:03:de:7e:c0,Unknown or Randomized MAC,ARP,
2024-10-20 22:02:59,32:23:03:de:7e:c0,Unknown or Randomized MAC,ARP,
2024-10-20 22:03:00,32:23:03:de:7e:c0,Unknown or Randomized MAC,ARP,
2024-10-20 22:03:01,32:23:03:de:7e:c0,Unknown or Randomized MAC,ARP,
2024-10-20 22:03:03,10:ce:02:93:cd:c1,Unknown or Randomized MAC,ARP,
2024-10-20 22:03:04,32:23:03:de:7e:c0,Unknown or Randomized MAC,ARP,
2024-10-20 22:03:04,10:ce:02:93:cd:c1,Unknown or Randomized MAC,ARP,
2024-10-20 22:03:05,32:23:03:de:7e:c0,Unknown or Randomized MAC,ARP,
2024-10-20 22:03:05,10:ce:02:93:cd:c1,Unknown or Randomized MAC,ARP,
2024-10-20 22:03:06,32:23:03:de:7e:c0,Unknown or Randomized MAC,ARP,
2024-10-20 22:03:06,10:ce:02:93:cd:c1,Unknown or Randomized MAC,ARP,
2024-10-20 22:03:07,10:ce:02:93:cd:c1,Unknown or Randomized MAC,ARP,
2024-10-20 22:03:08,10:ce:02:93:cd:c1,Unknown or Randomized MAC,ARP,
2024-10-20 22:03:10,74:24:9f:2f:dd:b9,Unknown or Randomized MAC,ARP,
2024-10-20 22:03:11,74:24:9f:2f:dd:b9,Unknown or Randomized MAC,ARP,
2024-10-20 22:03:12,74:24:9f:2f:dd:b9,Unknown or Randomized MAC,ARP,
2024-10-20 22:03:13,74:24:9f:2f:dd:b9,Unknown or Randomized MAC,ARP,
2024-10-20 22:04:00,32:23:03:de:7e:c0,Unknown or Randomized MAC,ARP,
2024-10-20 22:04:01,32:23:03:de:7e:c0,Unknown or Randomized MAC,ARP,
2024-10-20 22:04:02,32:23:03:de:7e:c0,Unknown or Randomized MAC,ARP,
2024-10-20 22:04:04,32:23:03:de:7e:c0,Unknown or Randomized MAC,ARP,
2024-10-20 22:04:06,32:23:03:de:7e:c0,Unknown or Randomized MAC,ARP,
2024-10-20 22:04:07,32:23:03:de:7e:c0,Unknown or Randomized MAC,ARP,
2024-10-20 22:04:07,32:23:03:de:7e:c0,Unknown or Randomized MAC,ARP,
2024-10-20 22:04:08,32:23:03:de:7e:c0,Unknown or Randomized MAC,ARP,
2024-10-20 22:04:09,32:23:03:de:7e:c0,Unknown or Randomized MAC,ARP,
2024-10-20 22:04:11,32:23:03:de:7e:c0,Unknown or Randomized MAC,ARP,
2024-10-20 22:04:12,32:23:03:de:7e:c0,Unknown or Randomized MAC,ARP,
2024-10-20 22:04:14,32:23:03:de:7e:c0,Unknown or Randomized MAC,ARP,
2024-10-20 22:04:15,32:23:03:de:7e:c0,Unknown or Randomized MAC,ARP,
2024-10-20 22:04:16,32:23:03:de:7e:c0,Unknown or Randomized MAC,ARP,
2024-10-20 22:04:17,32:23:03:de:7e:c0,Unknown or Randomized MAC,ARP,
2024-10-20 22:04:19,32:23:03:de:7e:c0,Unknown or Randomized MAC,ARP,
2024-10-20 22:04:20,10:ce:02:93:cd:c1,Unknown or Randomized MAC,ARP,
2024-10-20 22:04:20,32:23:03:de:7e:c0,Unknown or Randomized MAC,ARP,
2024-10-20 22:04:21,10:ce:02:93:cd:c1,Unknown or Randomized MAC,ARP,
2024-10-20 22:04:22,32:23:03:de:7e:c0,Unknown or Randomized MAC,ARP,
2024-10-20 22:04:22,10:ce:02:93:cd:c1,Unknown or Randomized MAC,ARP,
2024-10-20 22:04:23,10:ce:02:93:cd:c1,Unknown or Randomized MAC,ARP,
2024-10-20 22:04:24,10:ce:02:93:cd:c1,Unknown or Randomized MAC,ARP,
2024-10-20 22:04:25,10:ce:02:93:cd:c1,Unknown or Randomized MAC,ARP,
2024-10-20 22:04:27,32:23:03:de:7e:c0,Unknown or Randomized MAC,ARP,
2024-10-20 22:04:28,32:23:03:de:7e:c0,Unknown or Randomized MAC,ARP,
2024-10-20 22:04:29,32:23:03:de:7e:c0,Unknown or Randomized MAC,ARP,
2024-10-20 22:04:34,32:23:03:de:7e:c0,Unknown or Randomized MAC,ARP,
2024-10-20 22:04:35,32:23:03:de:7e:c0,Unknown or Randomized MAC,ARP,
2024-10-20 22:04:36,32:23:03:de:7e:c0,Unknown or Randomized MAC,ARP,
2024-10-20 22:04:42,32:23:03:de:7e:c0,Unknown or Randomized MAC,ARP,
2024-10-20 22:04:43,32:23:03:de:7e:c0,Unknown or Randomized MAC,ARP,
2024-10-20 22:04:44,32:23:03:de:7e:c0,Unknown or Randomized MAC,ARP,
2024-10-20 22:04:45,32:23:03:de:7e:c0,Unknown or Randomized MAC,ARP,
2024-10-20 22:04:46,32:23:03:de:7e:c0,Unknown or Randomized MAC,ARP,
2024-10-20 22:04:47,32:23:03:de:7e:c0,Unknown or Randomized MAC,ARP,
2024-10-20 22:04:52,32:23:03:de:7e:c0,Unknown or Randomized MAC,ARP,
2024-10-20 22:04:53,32:23:03:de:7e:c0,Unknown or Randomized MAC,ARP,
2024-10-20 22:04:54,32:23:03:de:7e:c0,Unknown or Randomized MAC,ARP,
2024-10-20 22:05:00,32:23:03:de:7e:c0,Unknown or Randomized MAC,ARP,
2024-10-20 22:05:01,32:23:03:de:7e:c0,Unknown or Randomized MAC,ARP,
2024-10-20 22:05:02,32:23:03:de:7e:c0,Unknown or Randomized MAC,ARP,
2024-10-20 22:05:07,32:23:03:de:7e:c0,Unknown or Randomized MAC,ARP,
2024-10-20 22:05:08,32:23:03:de:7e:c0,Unknown or Randomized MAC,ARP,
2024-10-20 22:05:09,32:23:03:de:7e:c0,Unknown or Randomized MAC,ARP,
2024-10-20 22:05:14,32:23:03:de:7e:c0,Unknown or Randomized MAC,ARP,
2024-10-20 22:05:15,32:23:03:de:7e:c0,Unknown or Randomized MAC,ARP,
2024-10-20 22:05:16,32:23:03:de:7e:c0,Unknown or Randomized MAC,ARP,
2024-10-20 22:05:22,32:23:03:de:7e:c0,Unknown or Randomized MAC,ARP,
2024-10-20 22:05:23,32:23:03:de:7e:c0,Unknown or Randomized MAC,ARP,
2024-10-20 22:05:24,32:23:03:de:7e:c0,Unknown or Randomized MAC,ARP,
2024-10-20 22:05:25,32:23:03:de:7e:c0,Unknown or Randomized MAC,ARP,
2024-10-20 22:05:26,32:23:03:de:7e:c0,Unknown or Randomized MAC,ARP,
2024-10-20 22:05:27,32:23:03:de:7e:c0,Unknown or Randomized MAC,ARP,
2024-10-20 22:05:32,32:23:03:de:7e:c0,Unknown or Randomized MAC,ARP,
2024-10-20 22:05:33,32:23:03:de:7e:c0,Unknown or Randomized MAC,ARP,
2024-10-20 22:05:34,32:23:03:de:7e:c0,Unknown or Randomized MAC,ARP,
2024-10-20 22:05:38,2c:cf:67:51:0c:6f,Unknown or Randomized MAC,DHCP,
2024-10-20 22:05:38,74:24:9f:2f:dd:b9,Unknown or Randomized MAC,DHCP,
2024-10-20 22:05:40,32:23:03:de:7e:c0,Unknown or Randomized MAC,ARP,
2024-10-20 22:05:41,32:23:03:de:7e:c0,Unknown or Randomized MAC,ARP,
2024-10-20 22:05:42,32:23:03:de:7e:c0,Unknown or Randomized MAC,ARP,
2024-10-20 22:05:43,74:24:9f:2f:dd:b9,Unknown or Randomized MAC,ARP,
2024-10-20 22:05:43,2c:cf:67:51:0c:6f,Unknown or Randomized MAC,ARP,
2024-10-20 22:06:27,32:23:03:de:7e:c0,Unknown or Randomized MAC,ARP,
2024-10-20 22:06:28,32:23:03:de:7e:c0,Unknown or Randomized MAC,ARP,
2024-10-20 22:06:29,32:23:03:de:7e:c0,Unknown or Randomized MAC,ARP,
2024-10-20 22:06:31,32:23:03:de:7e:c0,Unknown or Randomized MAC,ARP,
2024-10-20 22:06:32,32:23:03:de:7e:c0,Unknown or Randomized MAC,ARP,
2024-10-20 22:06:33,32:23:03:de:7e:c0,Unknown or Randomized MAC,ARP,
2024-10-20 22:06:34,32:23:03:de:7e:c0,Unknown or Randomized MAC,ARP,
2024-10-20 22:06:35,32:23:03:de:7e:c0,Unknown or Randomized MAC,ARP,
2024-10-20 22:06:36,32:23:03:de:7e:c0,Unknown or Randomized MAC,ARP,
2024-10-20 22:06:38,32:23:03:de:7e:c0,Unknown or Randomized MAC,ARP,
2024-10-20 22:06:39,32:23:03:de:7e:c0,Unknown or Randomized MAC,ARP,
2024-10-20 22:06:40,32:23:03:de:7e:c0,Unknown or Randomized MAC,ARP,
2024-10-20 22:06:42,32:23:03:de:7e:c0,Unknown or Randomized MAC,ARP,
2024-10-20 22:06:43,32:23:03:de:7e:c0,Unknown or Randomized MAC,ARP,
2024-10-20 22:06:44,32:23:03:de:7e:c0,Unknown or Randomized MAC,ARP,
2024-10-20 22:06:46,32:23:03:de:7e:c0,Unknown or Randomized MAC,ARP,
2024-10-20 22:06:47,32:23:03:de:7e:c0,Unknown or Randomized MAC,ARP,
2024-10-20 22:06:48,32:23:03:de:7e:c0,Unknown or Randomized MAC,ARP,
2024-10-20 22:07:05,32:23:03:de:7e:c0,Unknown or Randomized MAC,ARP,
2024-10-20 22:07:06,32:23:03:de:7e:c0,Unknown or Randomized MAC,ARP,
2024-10-20 22:07:07,32:23:03:de:7e:c0,Unknown or Randomized MAC,ARP,
2024-10-20 22:07:12,32:23:03:de:7e:c0,Unknown or Randomized MAC,ARP,
2024-10-20 22:07:12,32:23:03:de:7e:c0,Unknown or Randomized MAC,ARP,
2024-10-20 22:07:13,32:23:03:de:7e:c0,Unknown or Randomized MAC,ARP,
2024-10-20 22:07:13,32:23:03:de:7e:c0,Unknown or Randomized MAC,ARP,
2024-10-20 22:07:14,32:23:03:de:7e:c0,Unknown or Randomized MAC,ARP,
2024-10-20 22:07:14,32:23:03:de:7e:c0,Unknown or Randomized MAC,ARP,
2024-10-20 22:14:18,c2:f4:3d:23:f5:14,Unknown or Malformed MAC Address,ARP,
2024-10-20 22:14:18,c2:f4:3d:23:f5:14,Unknown or Malformed MAC Address,ARP,
2024-10-20 22:14:19,10:ce:02:93:cd:c1,Unknown or Malformed MAC Address,ARP,
2024-10-20 22:14:19,c2:f4:3d:23:f5:14,Unknown or Malformed MAC Address,ARP,
2024-10-20 22:14:19,c2:f4:3d:23:f5:14,Unknown or Malformed MAC Address,ARP,
2024-10-20 22:14:20,10:ce:02:93:cd:c1,Unknown or Malformed MAC Address,ARP,
2024-10-20 22:14:20,c2:f4:3d:23:f5:14,Unknown or Malformed MAC Address,ARP,
2024-10-20 22:14:20,c2:f4:3d:23:f5:14,Unknown or Malformed MAC Address,ARP,
2024-10-20 22:14:21,10:ce:02:93:cd:c1,Unknown or Malformed MAC Address,ARP,
2024-10-20 22:14:22,10:ce:02:93:cd:c1,Unknown or Malformed MAC Address,ARP,
2024-10-20 22:14:22,c2:f4:3d:23:f5:14,Unknown or Malformed MAC Address,ARP,
2024-10-20 22:14:23,10:ce:02:93:cd:c1,Unknown or Malformed MAC Address,ARP,
2024-10-20 22:14:24,10:ce:02:93:cd:c1,Unknown or Malformed MAC Address,ARP,
2024-10-20 22:14:24,c2:f4:3d:23:f5:14,Unknown or Malformed MAC Address,ARP,
2024-10-20 22:14:30,c2:f4:3d:23:f5:14,Unknown or Malformed MAC Address,ARP,
2024-10-20 22:14:31,c2:f4:3d:23:f5:14,Unknown or Malformed MAC Address,ARP,
2024-10-20 22:14:32,c2:f4:3d:23:f5:14,Unknown or Malformed MAC Address,ARP,
2024-10-20 22:14:33,32:23:03:de:7e:c0,Unknown or Malformed MAC Address,ARP,
2024-10-20 22:14:34,32:23:03:de:7e:c0,Unknown or Malformed MAC Address,ARP,
2024-10-20 22:14:35,32:23:03:de:7e:c0,Unknown or Malformed MAC Address,ARP,
2024-10-20 22:14:40,32:23:03:de:7e:c0,Unknown or Malformed MAC Address,ARP,
2024-10-20 22:14:41,32:23:03:de:7e:c0,Unknown or Malformed MAC Address,ARP,
2024-10-20 22:14:42,32:23:03:de:7e:c0,Unknown or Malformed MAC Address,ARP,
2024-10-20 22:14:48,32:23:03:de:7e:c0,Unknown or Malformed MAC Address,ARP,
2024-10-20 22:14:48,32:23:03:de:7e:c0,Unknown or Malformed MAC Address,ARP,
2024-10-20 22:14:49,32:23:03:de:7e:c0,Unknown or Malformed MAC Address,ARP,
2024-10-20 22:14:49,32:23:03:de:7e:c0,Unknown or Malformed MAC Address,ARP,
2024-10-20 22:14:50,32:23:03:de:7e:c0,Unknown or Malformed MAC Address,ARP,
2024-10-20 22:14:50,32:23:03:de:7e:c0,Unknown or Malformed MAC Address,ARP,
2024-10-20 22:14:55,32:23:03:de:7e:c0,Unknown or Malformed MAC Address,ARP,
2024-10-20 22:14:56,32:23:03:de:7e:c0,Unknown or Malformed MAC Address,ARP,
2024-10-20 22:14:56,c2:f4:3d:23:f5:14,Unknown or Malformed MAC Address,ARP,
2024-10-20 22:14:57,32:23:03:de:7e:c0,Unknown or Malformed MAC Address,ARP,
2024-10-20 22:14:59,c2:f4:3d:23:f5:14,Unknown or Malformed MAC Address,ARP,
2024-10-20 22:14:59,c2:f4:3d:23:f5:14,Unknown or Malformed MAC Address,ARP,
2024-10-20 22:15:00,c2:f4:3d:23:f5:14,Unknown or Malformed MAC Address,ARP,
2024-10-20 22:15:03,c2:f4:3d:23:f5:14,Unknown or Malformed MAC Address,ARP,
2024-10-20 22:15:03,32:23:03:de:7e:c0,Unknown or Malformed MAC Address,ARP,
2024-10-20 22:15:03,c2:f4:3d:23:f5:14,Unknown or Malformed MAC Address,ARP,
2024-10-20 22:15:04,32:23:03:de:7e:c0,Unknown or Malformed MAC Address,ARP,
2024-10-20 22:15:04,c2:f4:3d:23:f5:14,Unknown or Malformed MAC Address,ARP,
2024-10-20 22:15:05,32:23:03:de:7e:c0,Unknown or Malformed MAC Address,ARP,
2024-10-20 22:15:06,32:23:03:de:7e:c0,Unknown or Malformed MAC Address,ARP,
2024-10-20 22:15:07,32:23:03:de:7e:c0,Unknown or Malformed MAC Address,ARP,
2024-10-20 22:15:08,32:23:03:de:7e:c0,Unknown or Malformed MAC Address,ARP,
2024-10-20 22:15:11,c2:f4:3d:23:f5:14,Unknown or Malformed MAC Address,ARP,
2024-10-20 22:15:11,32:23:03:de:7e:c0,Unknown or Malformed MAC Address,ARP,
2024-10-20 22:15:11,c2:f4:3d:23:f5:14,Unknown or Malformed MAC Address,ARP,
2024-10-20 22:15:12,74:24:9f:2f:dd:b9,Unknown or Malformed MAC Address,DHCP,
2024-10-20 22:15:12,32:23:03:de:7e:c0,Unknown or Malformed MAC Address,ARP,
2024-10-20 22:15:12,c2:f4:3d:23:f5:14,Unknown or Malformed MAC Address,ARP,
2024-10-20 22:15:13,32:23:03:de:7e:c0,Unknown or Malformed MAC Address,ARP,
2024-10-20 22:15:15,32:23:03:de:7e:c0,Unknown or Malformed MAC Address,ARP,
2024-10-20 22:15:16,32:23:03:de:7e:c0,Unknown or Malformed MAC Address,ARP,
2024-10-20 22:15:17,32:23:03:de:7e:c0,Unknown or Malformed MAC Address,ARP,
2024-10-20 22:15:21,32:23:03:de:7e:c0,Unknown or Malformed MAC Address,ARP,
2024-10-20 22:15:22,32:23:03:de:7e:c0,Unknown or Malformed MAC Address,ARP,
2024-10-20 22:15:23,32:23:03:de:7e:c0,Unknown or Malformed MAC Address,ARP,
2024-10-20 22:15:24,74:24:9f:2f:dd:b9,Unknown or Malformed MAC Address,DHCP,
2024-10-20 22:15:25,74:24:9f:2f:dd:b9,Unknown or Malformed MAC Address,DHCP,
2024-10-20 22:15:25,32:23:03:de:7e:c0,Unknown or Malformed MAC Address,ARP,
2024-10-20 22:15:25,74:24:9f:2f:dd:b9,Unknown or Malformed MAC Address,DHCP,
2024-10-20 22:15:26,74:24:9f:2f:dd:b9,Unknown or Malformed MAC Address,DHCP,
2024-10-20 22:15:26,32:23:03:de:7e:c0,Unknown or Malformed MAC Address,ARP,
2024-10-20 22:15:27,32:23:03:de:7e:c0,Unknown or Malformed MAC Address,ARP,
2024-10-20 22:15:32,32:23:03:de:7e:c0,Unknown or Malformed MAC Address,ARP,
2024-10-20 22:15:33,32:23:03:de:7e:c0,Unknown or Malformed MAC Address,ARP,
2024-10-20 22:15:34,32:23:03:de:7e:c0,Unknown or Malformed MAC Address,ARP,
2024-10-20 22:15:40,32:23:03:de:7e:c0,Unknown or Malformed MAC Address,ARP,
2024-10-20 22:15:41,32:23:03:de:7e:c0,Unknown or Malformed MAC Address,ARP,
2024-10-20 22:15:42,32:23:03:de:7e:c0,Unknown or Malformed MAC Address,ARP,
2024-10-20 22:16:03,74:24:9f:2f:dd:b9,Unknown or Malformed MAC Address,DHCP,
2024-10-20 22:16:46,32:23:03:de:7e:c0,Unknown or Malformed MAC Address,ARP,
2024-10-20 22:16:47,32:23:03:de:7e:c0,Unknown or Malformed MAC Address,ARP,
2024-10-20 22:16:48,32:23:03:de:7e:c0,Unknown or Malformed MAC Address,ARP,
2024-10-20 22:16:53,32:23:03:de:7e:c0,Unknown or Malformed MAC Address,ARP,
2024-10-20 22:16:54,32:23:03:de:7e:c0,Unknown or Malformed MAC Address,ARP,
2024-10-20 22:16:55,32:23:03:de:7e:c0,Unknown or Malformed MAC Address,ARP,
2024-10-20 22:17:01,32:23:03:de:7e:c0,Unknown or Malformed MAC Address,ARP,
2024-10-20 22:17:02,32:23:03:de:7e:c0,Unknown or Malformed MAC Address,ARP,
2024-10-20 22:17:03,32:23:03:de:7e:c0,Unknown or Malformed MAC Address,ARP,
2024-10-20 22:17:25,32:23:03:de:7e:c0,Unknown or Malformed MAC Address,ARP,
2024-10-20 22:17:26,32:23:03:de:7e:c0,Unknown or Malformed MAC Address,ARP,
2024-10-20 22:17:26,c2:12:32:17:b1:b4,Unknown or Malformed MAC Address,ARP,
2024-10-20 22:17:26,32:23:03:de:7e:c0,Unknown or Malformed MAC Address,ARP,
2024-10-20 22:17:27,c2:12:32:17:b1:b4,Unknown or Malformed MAC Address,ARP,
2024-10-20 22:17:27,32:23:03:de:7e:c0,Unknown or Malformed MAC Address,ARP,
2024-10-20 22:17:27,32:23:03:de:7e:c0,Unknown or Malformed MAC Address,ARP,
2024-10-20 22:17:28,c2:12:32:17:b1:b4,Unknown or Malformed MAC Address,ARP,
2024-10-20 22:17:28,32:23:03:de:7e:c0,Unknown or Malformed MAC Address,ARP,
2024-10-20 22:17:33,32:23:03:de:7e:c0,Unknown or Malformed MAC Address,ARP,
2024-10-20 22:17:34,32:23:03:de:7e:c0,Unknown or Malformed MAC Address,ARP,
2024-10-20 22:17:35,32:23:03:de:7e:c0,Unknown or Malformed MAC Address,ARP,
2024-10-20 22:17:38,c2:12:32:17:b1:b4,Unknown or Malformed MAC Address,ARP,
2024-10-20 22:17:39,c2:12:32:17:b1:b4,Unknown or Malformed MAC Address,ARP,
2024-10-20 22:17:40,c2:12:32:17:b1:b4,Unknown or Malformed MAC Address,ARP,
2024-10-20 22:17:41,32:23:03:de:7e:c0,Unknown or Malformed MAC Address,ARP,
2024-10-20 22:17:42,32:23:03:de:7e:c0,Unknown or Malformed MAC Address,ARP,
2024-10-20 22:17:43,32:23:03:de:7e:c0,Unknown or Malformed MAC Address,ARP,
2024-10-20 22:17:48,32:23:03:de:7e:c0,Unknown or Malformed MAC Address,ARP,
2024-10-20 22:17:49,32:23:03:de:7e:c0,Unknown or Malformed MAC Address,ARP,
2024-10-20 22:17:50,32:23:03:de:7e:c0,Unknown or Malformed MAC Address,ARP,
2024-10-20 22:17:55,32:23:03:de:7e:c0,Unknown or Malformed MAC Address,ARP,
2024-10-20 22:17:56,32:23:03:de:7e:c0,Unknown or Malformed MAC Address,ARP,
2024-10-20 22:17:56,32:23:03:de:7e:c0,Unknown or Malformed MAC Address,ARP,
2024-10-20 22:17:57,32:23:03:de:7e:c0,Unknown or Malformed MAC Address,ARP,
2024-10-20 22:17:57,32:23:03:de:7e:c0,Unknown or Malformed MAC Address,ARP,
2024-10-20 22:17:58,32:23:03:de:7e:c0,Unknown or Malformed MAC Address,ARP,
2024-10-20 22:17:59,32:23:03:de:7e:c0,Unknown or Malformed MAC Address,ARP,
2024-10-20 22:18:00,32:23:03:de:7e:c0,Unknown or Malformed MAC Address,ARP,
2024-10-20 22:18:02,32:23:03:de:7e:c0,Unknown or Malformed MAC Address,ARP,
2024-10-20 22:18:03,32:23:03:de:7e:c0,Unknown or Malformed MAC Address,ARP,
2024-10-20 22:18:03,32:23:03:de:7e:c0,Unknown or Malformed MAC Address,ARP,
2024-10-20 22:18:04,32:23:03:de:7e:c0,Unknown or Malformed MAC Address,ARP,
2024-10-20 22:18:04,32:23:03:de:7e:c0,Unknown or Malformed MAC Address,ARP,
2024-10-20 22:18:05,32:23:03:de:7e:c0,Unknown or Malformed MAC Address,ARP,
2024-10-20 22:18:05,32:23:03:de:7e:c0,Unknown or Malformed MAC Address,ARP,
2024-10-20 22:18:06,32:23:03:de:7e:c0,Unknown or Malformed MAC Address,ARP,
2024-10-20 22:18:07,32:23:03:de:7e:c0,Unknown or Malformed MAC Address,ARP,
2024-10-20 22:18:08,32:23:03:de:7e:c0,Unknown or Malformed MAC Address,ARP,
2024-10-20 22:18:10,32:23:03:de:7e:c0,Unknown or Malformed MAC Address,ARP,
2024-10-20 22:18:11,32:23:03:de:7e:c0,Unknown or Malformed MAC Address,ARP,
2024-10-20 22:18:11,32:23:03:de:7e:c0,Unknown or Malformed MAC Address,ARP,
2024-10-20 22:18:11,32:23:03:de:7e:c0,Unknown or Malformed MAC Address,ARP,
2024-10-20 22:18:12,32:23:03:de:7e:c0,Unknown or Malformed MAC Address,ARP,
2024-10-20 22:18:12,32:23:03:de:7e:c0,Unknown or Malformed MAC Address,ARP,
2024-10-20 22:18:12,32:23:03:de:7e:c0,Unknown or Malformed MAC Address,ARP,
2024-10-20 22:18:13,32:23:03:de:7e:c0,Unknown or Malformed MAC Address,ARP,
2024-10-20 22:18:14,32:23:03:de:7e:c0,Unknown or Malformed MAC Address,ARP,
2024-10-20 22:18:14,32:23:03:de:7e:c0,Unknown or Malformed MAC Address,ARP,
2024-10-20 22:18:15,32:23:03:de:7e:c0,Unknown or Malformed MAC Address,ARP,
2024-10-20 22:18:16,32:23:03:de:7e:c0,Unknown or Malformed MAC Address,ARP,
2024-10-20 22:18:17,32:23:03:de:7e:c0,Unknown or Malformed MAC Address,ARP,
2024-10-20 22:18:18,32:23:03:de:7e:c0,Unknown or Malformed MAC Address,ARP,
2024-10-20 22:18:19,32:23:03:de:7e:c0,Unknown or Malformed MAC Address,ARP,
2024-10-20 22:18:21,32:23:03:de:7e:c0,Unknown or Malformed MAC Address,ARP,
2024-10-20 22:18:23,32:23:03:de:7e:c0,Unknown or Malformed MAC Address,ARP,
2024-10-20 22:18:24,32:23:03:de:7e:c0,Unknown or Malformed MAC Address,ARP,
2024-10-20 22:18:25,32:23:03:de:7e:c0,Unknown or Malformed MAC Address,ARP,
2024-10-20 22:18:26,32:23:03:de:7e:c0,Unknown or Malformed MAC Address,ARP,
2024-10-20 22:18:27,32:23:03:de:7e:c0,Unknown or Malformed MAC Address,ARP,
2024-10-20 22:18:31,32:23:03:de:7e:c0,Unknown or Malformed MAC Address,ARP,
2024-10-20 22:18:32,32:23:03:de:7e:c0,Unknown or Malformed MAC Address,ARP,
2024-10-20 22:18:33,32:23:03:de:7e:c0,Unknown or Malformed MAC Address,ARP,
2024-10-20 22:18:38,32:23:03:de:7e:c0,Unknown or Malformed MAC Address,ARP,
2024-10-20 22:18:39,32:23:03:de:7e:c0,Unknown or Malformed MAC Address,ARP,
2024-10-20 22:18:40,32:23:03:de:7e:c0,Unknown or Malformed MAC Address,ARP,
2024-10-20 22:18:46,32:23:03:de:7e:c0,Unknown or Malformed MAC Address,ARP,
2024-10-20 22:18:47,32:23:03:de:7e:c0,Unknown or Malformed MAC Address,ARP,
2024-10-20 22:18:48,32:23:03:de:7e:c0,Unknown or Malformed MAC Address,ARP,
2024-10-20 22:18:50,32:23:03:de:7e:c0,Unknown or Malformed MAC Address,ARP,
2024-10-20 22:18:51,32:23:03:de:7e:c0,Unknown or Malformed MAC Address,ARP,
2024-10-20 22:18:52,32:23:03:de:7e:c0,Unknown or Malformed MAC Address,ARP,
2024-10-20 22:18:57,32:23:03:de:7e:c0,Unknown or Malformed MAC Address,ARP,
2024-10-20 22:18:58,32:23:03:de:7e:c0,Unknown or Malformed MAC Address,ARP,
2024-10-20 22:18:59,32:23:03:de:7e:c0,Unknown or Malformed MAC Address,ARP,
2024-10-20 22:19:05,32:23:03:de:7e:c0,Unknown or Malformed MAC Address,ARP,
2024-10-20 22:19:06,32:23:03:de:7e:c0,Unknown or Malformed MAC Address,ARP,
2024-10-20 22:19:07,32:23:03:de:7e:c0,Unknown or Malformed MAC Address,ARP,
2024-10-20 22:19:11,32:23:03:de:7e:c0,Unknown or Malformed MAC Address,ARP,
2024-10-20 22:19:12,32:23:03:de:7e:c0,Unknown or Malformed MAC Address,ARP,
2024-10-20 22:19:13,32:23:03:de:7e:c0,Unknown or Malformed MAC Address,ARP,
2024-10-20 22:19:17,32:23:03:de:7e:c0,Unknown or Malformed MAC Address,ARP,
2024-10-20 22:19:18,32:23:03:de:7e:c0,Unknown or Malformed MAC Address,ARP,
2024-10-20 22:19:18,32:23:03:de:7e:c0,Unknown or Malformed MAC Address,ARP,
2024-10-20 22:19:19,32:23:03:de:7e:c0,Unknown or Malformed MAC Address,ARP,
2024-10-20 22:19:19,32:23:03:de:7e:c0,Unknown or Malformed MAC Address,ARP,
2024-10-20 22:19:19,74:24:9f:2f:dd:b9,Unknown or Malformed MAC Address,ARP,
2024-10-20 22:19:20,32:23:03:de:7e:c0,Unknown or Malformed MAC Address,ARP,
2024-10-20 22:19:20,74:24:9f:2f:dd:b9,Unknown or Malformed MAC Address,ARP,
2024-10-20 22:19:21,74:24:9f:2f:dd:b9,Unknown or Malformed MAC Address,ARP,
2024-10-20 22:19:23,c2:12:32:17:b1:b4,Unknown or Malformed MAC Address,ARP,
2024-10-20 22:19:24,32:23:03:de:7e:c0,Unknown or Malformed MAC Address,ARP,
2024-10-20 22:19:25,32:23:03:de:7e:c0,Unknown or Malformed MAC Address,ARP,
2024-10-20 22:19:26,32:23:03:de:7e:c0,Unknown or Malformed MAC Address,ARP,
2024-10-20 22:19:26,32:23:03:de:7e:c0,Unknown or Malformed MAC Address,ARP,
2024-10-20 22:19:27,32:23:03:de:7e:c0,Unknown or Malformed MAC Address,ARP,
2024-10-20 22:19:28,32:23:03:de:7e:c0,Unknown or Malformed MAC Address,ARP,
2024-10-20 22:19:32,32:23:03:de:7e:c0,Unknown or Malformed MAC Address,ARP,
2024-10-20 22:19:33,32:23:03:de:7e:c0,Unknown or Malformed MAC Address,ARP,
2024-10-20 22:19:34,32:23:03:de:7e:c0,Unknown or Malformed MAC Address,ARP,
2024-10-20 22:19:51,32:23:03:de:7e:c0,Unknown or Malformed MAC Address,ARP,
2024-10-20 22:19:52,32:23:03:de:7e:c0,Unknown or Malformed MAC Address,ARP,
2024-10-20 22:19:53,32:23:03:de:7e:c0,Unknown or Malformed MAC Address,ARP,
2024-10-20 22:19:58,32:23:03:de:7e:c0,Unknown or Malformed MAC Address,ARP,
2024-10-20 22:19:59,32:23:03:de:7e:c0,Unknown or Malformed MAC Address,ARP,
2024-10-20 22:20:01,32:23:03:de:7e:c0,Unknown or Malformed MAC Address,ARP,
2024-10-20 22:20:06,32:23:03:de:7e:c0,Unknown or Malformed MAC Address,ARP,
2024-10-20 22:20:07,32:23:03:de:7e:c0,Unknown or Malformed MAC Address,ARP,
2024-10-20 22:20:09,32:23:03:de:7e:c0,Unknown or Malformed MAC Address,ARP,
2024-10-20 22:20:21,32:23:03:de:7e:c0,Unknown or Malformed MAC Address,ARP,
2024-10-20 22:20:22,32:23:03:de:7e:c0,Unknown or Malformed MAC Address,ARP,
2024-10-20 22:20:23,32:23:03:de:7e:c0,Unknown or Malformed MAC Address,ARP,
2024-10-20 22:20:28,32:23:03:de:7e:c0,Unknown or Malformed MAC Address,ARP,
2024-10-20 22:20:29,32:23:03:de:7e:c0,Unknown or Malformed MAC Address,ARP,
2024-10-20 22:20:30,32:23:03:de:7e:c0,Unknown or Malformed MAC Address,ARP,
2024-10-20 22:20:32,32:23:03:de:7e:c0,Unknown or Malformed MAC Address,ARP,
2024-10-20 22:20:33,32:23:03:de:7e:c0,Unknown or Malformed MAC Address,ARP,
2024-10-20 22:20:34,32:23:03:de:7e:c0,Unknown or Malformed MAC Address,ARP,
2024-10-20 22:20:36,32:23:03:de:7e:c0,Unknown or Malformed MAC Address,ARP,
2024-10-20 22:20:37,32:23:03:de:7e:c0,Unknown or Malformed MAC Address,ARP,
2024-10-20 22:20:38,32:23:03:de:7e:c0,Unknown or Malformed MAC Address,ARP,
2024-10-20 22:20:38,2c:cf:67:51:0c:6f,Unknown or Malformed MAC Address,DHCP,
2024-10-20 22:20:38,74:24:9f:2f:dd:b9,Unknown or Malformed MAC Address,DHCP,
2024-10-20 22:20:38,32:23:03:de:7e:c0,Unknown or Malformed MAC Address,ARP,
2024-10-20 22:20:39,32:23:03:de:7e:c0,Unknown or Malformed MAC Address,ARP,
2024-10-20 22:20:39,32:23:03:de:7e:c0,Unknown or Malformed MAC Address,ARP,
2024-10-20 22:20:40,32:23:03:de:7e:c0,Unknown or Malformed MAC Address,ARP,
2024-10-20 22:20:40,32:23:03:de:7e:c0,Unknown or Malformed MAC Address,ARP,
2024-10-20 22:20:41,32:23:03:de:7e:c0,Unknown or Malformed MAC Address,ARP,
2024-10-20 22:20:43,2c:cf:67:51:0c:6f,Unknown or Malformed MAC Address,ARP,
2024-10-20 22:20:43,74:24:9f:2f:dd:b9,Unknown or Malformed MAC Address,ARP,
2024-10-20 22:20:45,32:23:03:de:7e:c0,Unknown or Malformed MAC Address,ARP,
2024-10-20 22:20:46,32:23:03:de:7e:c0,Unknown or Malformed MAC Address,ARP,
2024-10-20 22:20:47,32:23:03:de:7e:c0,Unknown or Malformed MAC Address,ARP,
2024-10-20 22:20:47,32:23:03:de:7e:c0,Unknown or Malformed MAC Address,ARP,
2024-10-20 22:20:48,32:23:03:de:7e:c0,Unknown or Malformed MAC Address,ARP,
2024-10-20 22:20:49,32:23:03:de:7e:c0,Unknown or Malformed MAC Address,ARP,
2024-10-20 22:20:53,32:23:03:de:7e:c0,Unknown or Malformed MAC Address,ARP,
2024-10-20 22:20:54,32:23:03:de:7e:c0,Unknown or Malformed MAC Address,ARP,
2024-10-20 22:20:55,32:23:03:de:7e:c0,Unknown or Malformed MAC Address,ARP,
2024-10-20 22:21:06,32:23:03:de:7e:c0,Unknown or Malformed MAC Address,ARP,
2024-10-20 22:21:07,32:23:03:de:7e:c0,Unknown or Malformed MAC Address,ARP,
2024-10-20 22:21:08,32:23:03:de:7e:c0,Unknown or Malformed MAC Address,ARP,
2024-10-20 22:21:13,32:23:03:de:7e:c0,Unknown or Malformed MAC Address,ARP,
2024-10-20 22:21:14,32:23:03:de:7e:c0,Unknown or Malformed MAC Address,ARP,
2024-10-20 22:21:15,32:23:03:de:7e:c0,Unknown or Malformed MAC Address,ARP,
2024-10-20 22:21:21,32:23:03:de:7e:c0,Unknown or Malformed MAC Address,ARP,
2024-10-20 22:21:22,32:23:03:de:7e:c0,Unknown or Malformed MAC Address,ARP,
2024-10-20 22:21:23,32:23:03:de:7e:c0,Unknown or Malformed MAC Address,ARP,
2024-10-20 22:21:30,32:23:03:de:7e:c0,Unknown or Malformed MAC Address,ARP,
2024-10-20 22:21:31,32:23:03:de:7e:c0,Unknown or Malformed MAC Address,ARP,
2024-10-20 22:21:32,32:23:03:de:7e:c0,Unknown or Malformed MAC Address,ARP,
2024-10-20 22:21:37,32:23:03:de:7e:c0,Unknown or Malformed MAC Address,ARP,
2024-10-20 22:21:38,32:23:03:de:7e:c0,Unknown or Malformed MAC Address,ARP,
2024-10-20 22:21:39,32:23:03:de:7e:c0,Unknown or Malformed MAC Address,ARP,
2024-10-20 22:21:45,32:23:03:de:7e:c0,Unknown or Malformed MAC Address,ARP,
2024-10-20 22:21:46,32:23:03:de:7e:c0,Unknown or Malformed MAC Address,ARP,
2024-10-20 22:21:47,32:23:03:de:7e:c0,Unknown or Malformed MAC Address,ARP,
2024-10-20 22:21:52,32:23:03:de:7e:c0,Unknown or Malformed MAC Address,ARP,
2024-10-20 22:21:53,32:23:03:de:7e:c0,Unknown or Malformed MAC Address,ARP,
2024-10-20 22:21:54,32:23:03:de:7e:c0,Unknown or Malformed MAC Address,ARP,
2024-10-20 22:22:00,32:23:03:de:7e:c0,Unknown or Malformed MAC Address,ARP,
2024-10-20 22:22:01,32:23:03:de:7e:c0,Unknown or Malformed MAC Address,ARP,
2024-10-20 22:22:02,32:23:03:de:7e:c0,Unknown or Malformed MAC Address,ARP,
2024-10-20 22:22:07,32:23:03:de:7e:c0,Unknown or Malformed MAC Address,ARP,
2024-10-20 22:22:09,32:23:03:de:7e:c0,Unknown or Malformed MAC Address,ARP,
2024-10-20 22:22:10,32:23:03:de:7e:c0,Unknown or Malformed MAC Address,ARP,
2024-10-20 22:22:10,32:23:03:de:7e:c0,Unknown or Malformed MAC Address,ARP,
2024-10-20 22:22:11,32:23:03:de:7e:c0,Unknown or Malformed MAC Address,ARP,
2024-10-20 22:22:12,32:23:03:de:7e:c0,Unknown or Malformed MAC Address,ARP,
2024-10-20 22:22:13,10:ce:02:93:cd:c1,Unknown or Malformed MAC Address,ARP,
2024-10-20 22:22:14,10:ce:02:93:cd:c1,Unknown or Malformed MAC Address,ARP,
2024-10-20 22:22:15,10:ce:02:93:cd:c1,Unknown or Malformed MAC Address,ARP,
2024-10-20 22:22:16,10:ce:02:93:cd:c1,Unknown or Malformed MAC Address,ARP,
2024-10-20 22:22:17,10:ce:02:93:cd:c1,Unknown or Malformed MAC Address,ARP,
2024-10-20 22:22:17,32:23:03:de:7e:c0,Unknown or Malformed MAC Address,ARP,
2024-10-20 22:22:18,10:ce:02:93:cd:c1,Unknown or Malformed MAC Address,ARP,
2024-10-20 22:22:18,32:23:03:de:7e:c0,Unknown or Malformed MAC Address,ARP,
2024-10-20 22:22:19,32:23:03:de:7e:c0,Unknown or Malformed MAC Address,ARP,
2024-10-20 22:22:22,32:23:03:de:7e:c0,Unknown or Malformed MAC Address,ARP,
2024-10-20 22:22:23,32:23:03:de:7e:c0,Unknown or Malformed MAC Address,ARP,
2024-10-20 22:22:24,32:23:03:de:7e:c0,Unknown or Malformed MAC Address,ARP,
2024-10-20 22:22:25,32:23:03:de:7e:c0,Unknown or Malformed MAC Address,ARP,
2024-10-20 22:22:26,32:23:03:de:7e:c0,Unknown or Malformed MAC Address,ARP,
2024-10-20 22:22:27,32:23:03:de:7e:c0,Unknown or Malformed MAC Address,ARP,
2024-10-20 22:22:29,32:23:03:de:7e:c0,Unknown or Malformed MAC Address,ARP,
2024-10-20 22:22:30,32:23:03:de:7e:c0,Unknown or Malformed MAC Address,ARP,
2024-10-20 22:22:31,32:23:03:de:7e:c0,Unknown or Malformed MAC Address,ARP,
2024-10-20 22:22:37,32:23:03:de:7e:c0,Unknown or Malformed MAC Address,ARP,
2024-10-20 22:22:38,32:23:03:de:7e:c0,Unknown or Malformed MAC Address,ARP,
2024-10-20 22:22:39,32:23:03:de:7e:c0,Unknown or Malformed MAC Address,ARP,
2024-10-20 22:22:50,32:23:03:de:7e:c0,Unknown or Malformed MAC Address,ARP,
2024-10-20 22:22:51,32:23:03:de:7e:c0,Unknown or Malformed MAC Address,ARP,
2024-10-20 22:22:52,32:23:03:de:7e:c0,Unknown or Malformed MAC Address,ARP,
2024-10-20 22:22:57,32:23:03:de:7e:c0,Unknown or Malformed MAC Address,ARP,
2024-10-20 22:22:58,32:23:03:de:7e:c0,Unknown or Malformed MAC Address,ARP,
2024-10-20 22:22:59,32:23:03:de:7e:c0,Unknown or Malformed MAC Address,ARP,
2024-10-20 22:23:05,32:23:03:de:7e:c0,Unknown or Malformed MAC Address,ARP,
2024-10-20 22:23:06,32:23:03:de:7e:c0,Unknown or Malformed MAC Address,ARP,
2024-10-20 22:23:07,32:23:03:de:7e:c0,Unknown or Malformed MAC Address,ARP,
2024-10-20 22:23:54,10:ce:02:93:cd:c1,Unknown or Malformed MAC Address,ARP,
2024-10-20 22:23:55,10:ce:02:93:cd:c1,Unknown or Malformed MAC Address,ARP,
2024-10-20 22:23:56,10:ce:02:93:cd:c1,Unknown or Malformed MAC Address,ARP,
2024-10-20 22:23:57,10:ce:02:93:cd:c1,Unknown or Malformed MAC Address,ARP,
2024-10-20 22:23:58,10:ce:02:93:cd:c1,Unknown or Malformed MAC Address,ARP,
2024-10-20 22:23:59,10:ce:02:93:cd:c1,Unknown or Malformed MAC Address,ARP,
2024-10-20 22:24:09,32:23:03:de:7e:c0,Unknown or Malformed MAC Address,ARP,
2024-10-20 22:24:10,32:23:03:de:7e:c0,Unknown or Malformed MAC Address,ARP,
2024-10-20 22:24:11,32:23:03:de:7e:c0,Unknown or Malformed MAC Address,ARP,
2024-10-20 22:24:16,32:23:03:de:7e:c0,Unknown or Malformed MAC Address,ARP,
2024-10-20 22:24:17,32:23:03:de:7e:c0,Unknown or Malformed MAC Address,ARP,
2024-10-20 22:24:18,32:23:03:de:7e:c0,Unknown or Malformed MAC Address,ARP,
2024-10-20 22:24:24,32:23:03:de:7e:c0,Unknown or Malformed MAC Address,ARP,
2024-10-20 22:24:25,32:23:03:de:7e:c0,Unknown or Malformed MAC Address,ARP,
2024-10-20 22:24:26,32:23:03:de:7e:c0,Unknown or Malformed MAC Address,ARP,
2024-10-20 22:24:28,32:23:03:de:7e:c0,Unknown or Malformed MAC Address,ARP,
2024-10-20 22:24:30,32:23:03:de:7e:c0,Unknown or Malformed MAC Address,ARP,
2024-10-20 22:24:31,32:23:03:de:7e:c0,Unknown or Malformed MAC Address,ARP,
2024-10-20 22:24:35,32:23:03:de:7e:c0,Unknown or Malformed MAC Address,ARP,
2024-10-20 22:24:36,32:23:03:de:7e:c0,Unknown or Malformed MAC Address,ARP,
2024-10-20 22:24:38,32:23:03:de:7e:c0,Unknown or Malformed MAC Address,ARP,
2024-10-20 22:24:43,32:23:03:de:7e:c0,Unknown or Malformed MAC Address,ARP,
2024-10-20 22:24:45,32:23:03:de:7e:c0,Unknown or Malformed MAC Address,ARP,
2024-10-20 22:24:46,32:23:03:de:7e:c0,Unknown or Malformed MAC Address,ARP,
2024-10-20 22:24:55,1e:f3:d0:2e:d1:62,Unknown or Malformed MAC Address,ARP,
2024-10-20 22:24:55,1e:f3:d0:2e:d1:62,Unknown or Malformed MAC Address,ARP,
2024-10-20 22:24:55,74:24:9f:2f:dd:b9,Unknown or Malformed MAC Address,DHCP,
2024-10-20 22:25:09,32:23:03:de:7e:c0,Unknown or Malformed MAC Address,ARP,
2024-10-20 22:25:10,32:23:03:de:7e:c0,Unknown or Malformed MAC Address,ARP,
2024-10-20 22:25:11,32:23:03:de:7e:c0,Unknown or Malformed MAC Address,ARP,
2024-10-20 22:25:16,32:23:03:de:7e:c0,Unknown or Malformed MAC Address,ARP,
2024-10-20 22:25:17,32:23:03:de:7e:c0,Unknown or Malformed MAC Address,ARP,
2024-10-20 22:25:18,32:23:03:de:7e:c0,Unknown or Malformed MAC Address,ARP,
2024-10-20 22:25:24,32:23:03:de:7e:c0,Unknown or Malformed MAC Address,ARP,
2024-10-20 22:25:25,32:23:03:de:7e:c0,Unknown or Malformed MAC Address,ARP,
2024-10-20 22:25:26,32:23:03:de:7e:c0,Unknown or Malformed MAC Address,ARP,
2024-10-20 22:26:29,32:23:03:de:7e:c0,Unknown or Malformed MAC Address,ARP,
2024-10-20 22:26:30,32:23:03:de:7e:c0,Unknown or Malformed MAC Address,ARP,
2024-10-20 22:26:31,32:23:03:de:7e:c0,Unknown or Malformed MAC Address,ARP,
2024-10-20 22:26:36,32:23:03:de:7e:c0,Unknown or Malformed MAC Address,ARP,
2024-10-20 22:26:37,32:23:03:de:7e:c0,Unknown or Malformed MAC Address,ARP,
2024-10-20 22:26:38,32:23:03:de:7e:c0,Unknown or Malformed MAC Address,ARP,
2024-10-20 22:26:40,32:23:03:de:7e:c0,Unknown or Malformed MAC Address,ARP,
2024-10-20 22:26:41,32:23:03:de:7e:c0,Unknown or Malformed MAC Address,ARP,
2024-10-20 22:26:42,32:23:03:de:7e:c0,Unknown or Malformed MAC Address,ARP,
2024-10-20 22:26:44,32:23:03:de:7e:c0,Unknown or Malformed MAC Address,ARP,
2024-10-20 22:26:45,32:23:03:de:7e:c0,Unknown or Malformed MAC Address,ARP,
2024-10-20 22:26:46,32:23:03:de:7e:c0,Unknown or Malformed MAC Address,ARP,
2024-10-20 22:26:47,32:23:03:de:7e:c0,Unknown or Malformed MAC Address,ARP,
2024-10-20 22:26:48,32:23:03:de:7e:c0,Unknown or Malformed MAC Address,ARP,
2024-10-20 22:26:49,32:23:03:de:7e:c0,Unknown or Malformed MAC Address,ARP,
2024-10-20 22:26:55,32:23:03:de:7e:c0,Unknown or Malformed MAC Address,ARP,
2024-10-20 22:26:56,32:23:03:de:7e:c0,Unknown or Malformed MAC Address,ARP,
2024-10-20 22:26:57,32:23:03:de:7e:c0,Unknown or Malformed MAC Address,ARP,
2024-10-20 22:27:07,32:23:03:de:7e:c0,Unknown or Malformed MAC Address,ARP,
2024-10-20 22:27:08,32:23:03:de:7e:c0,Unknown or Malformed MAC Address,ARP,
2024-10-20 22:27:09,32:23:03:de:7e:c0,Unknown or Malformed MAC Address,ARP,
2024-10-20 22:27:14,32:23:03:de:7e:c0,Unknown or Malformed MAC Address,ARP,
2024-10-20 22:27:15,32:23:03:de:7e:c0,Unknown or Malformed MAC Address,ARP,
2024-10-20 22:27:16,32:23:03:de:7e:c0,Unknown or Malformed MAC Address,ARP,
2024-10-20 22:27:16,32:23:03:de:7e:c0,Unknown or Malformed MAC Address,ARP,
2024-10-20 22:27:17,32:23:03:de:7e:c0,Unknown or Malformed MAC Address,ARP,
2024-10-20 22:27:18,32:23:03:de:7e:c0,Unknown or Malformed MAC Address,ARP,
2024-10-20 22:27:22,32:23:03:de:7e:c0,Unknown or Malformed MAC Address,ARP,
2024-10-20 22:27:24,32:23:03:de:7e:c0,Unknown or Malformed MAC Address,ARP,
2024-10-20 22:27:24,32:23:03:de:7e:c0,Unknown or Malformed MAC Address,ARP,
2024-10-20 22:27:29,32:23:03:de:7e:c0,Unknown or Malformed MAC Address,ARP,
2024-10-20 22:27:30,32:23:03:de:7e:c0,Unknown or Malformed MAC Address,ARP,
2024-10-20 22:27:30,32:23:03:de:7e:c0,Unknown or Malformed MAC Address,ARP,
2024-10-20 22:27:32,32:23:03:de:7e:c0,Unknown or Malformed MAC Address,ARP,
2024-10-20 22:27:33,32:23:03:de:7e:c0,Unknown or Malformed MAC Address,ARP,
2024-10-20 22:27:36,32:23:03:de:7e:c0,Unknown or Malformed MAC Address,ARP,
2024-10-20 22:27:37,32:23:03:de:7e:c0,Unknown or Malformed MAC Address,ARP,
2024-10-20 22:27:38,32:23:03:de:7e:c0,Unknown or Malformed MAC Address,ARP,
2024-10-20 22:29:21,32:23:03:de:7e:c0,Unknown or Malformed MAC Address,ARP,
2024-10-20 22:29:22,32:23:03:de:7e:c0,Unknown or Malformed MAC Address,ARP,
2024-10-20 22:29:24,32:23:03:de:7e:c0,Unknown or Malformed MAC Address,ARP,
2024-10-20 22:29:28,32:23:03:de:7e:c0,Unknown or Malformed MAC Address,ARP,
2024-10-20 22:29:29,32:23:03:de:7e:c0,Unknown or Malformed MAC Address,ARP,
2024-10-20 22:29:31,32:23:03:de:7e:c0,Unknown or Malformed MAC Address,ARP,
2024-10-20 22:29:37,32:23:03:de:7e:c0,Unknown or Malformed MAC Address,ARP,
2024-10-20 22:29:38,32:23:03:de:7e:c0,Unknown or Malformed MAC Address,ARP,
2024-10-20 22:29:39,32:23:03:de:7e:c0,Unknown or Malformed MAC Address,ARP,
2024-10-20 22:29:49,32:23:03:de:7e:c0,Unknown or Malformed MAC Address,ARP,
2024-10-20 22:29:51,32:23:03:de:7e:c0,Unknown or Malformed MAC Address,ARP,
2024-10-20 22:29:58,1e:f3:d0:2e:d1:62,Unknown or Malformed MAC Address,ARP,
2024-10-20 22:29:58,32:23:03:de:7e:c0,Unknown or Malformed MAC Address,ARP,
2024-10-20 22:30:02,32:23:03:de:7e:c0,Unknown or Malformed MAC Address,ARP,
2024-10-20 22:30:03,32:23:03:de:7e:c0,Unknown or Malformed MAC Address,ARP,
2024-10-20 22:30:04,32:23:03:de:7e:c0,Unknown or Malformed MAC Address,ARP,
2024-10-20 22:30:04,32:23:03:de:7e:c0,Unknown or Malformed MAC Address,ARP,
2024-10-20 22:30:05,32:23:03:de:7e:c0,Unknown or Malformed MAC Address,ARP,
2024-10-20 22:33:16,32:23:03:de:7e:c0,Unknown or Malformed MAC Address,ARP,
2024-10-20 22:33:17,32:23:03:de:7e:c0,Unknown or Malformed MAC Address,ARP,
2024-10-20 22:33:18,32:23:03:de:7e:c0,Unknown or Malformed MAC Address,ARP,
2024-10-20 22:41:47,32:23:03:de:7e:c0,Unknown or Malformed MAC Address,ARP,
2024-10-20 22:41:47,32:23:03:de:7e:c0,Unknown or Malformed MAC Address,ARP,
2024-10-20 22:41:49,32:23:03:de:7e:c0,Unknown or Malformed MAC Address,ARP,
2024-10-20 22:41:54,a2:da:ba:e9:65:c0,Unknown or Malformed MAC Address,ARP,
2024-10-20 22:42:12,32:23:03:de:7e:c0,Unknown or Malformed MAC Address,ARP,
2024-10-20 22:42:13,32:23:03:de:7e:c0,Unknown or Malformed MAC Address,ARP,
2024-10-20 22:42:14,32:23:03:de:7e:c0,Unknown or Malformed MAC Address,ARP,
2024-10-20 22:42:18,32:23:03:de:7e:c0,Unknown or Malformed MAC Address,ARP,
2024-10-20 22:42:20,32:23:03:de:7e:c0,Unknown or Malformed MAC Address,ARP,
2024-10-20 22:42:21,32:23:03:de:7e:c0,Unknown or Malformed MAC Address,ARP,
2024-10-20 22:42:28,32:23:03:de:7e:c0,Unknown or Malformed MAC Address,ARP,
2024-10-20 22:42:29,32:23:03:de:7e:c0,Unknown or Malformed MAC Address,ARP,
2024-10-20 22:42:51,32:23:03:de:7e:c0,Unknown or Malformed MAC Address,ARP,
2024-10-20 22:42:53,32:23:03:de:7e:c0,Unknown or Malformed MAC Address,ARP,
2024-10-20 22:42:54,32:23:03:de:7e:c0,Unknown or Malformed MAC Address,ARP,
2024-10-20 22:42:59,32:23:03:de:7e:c0,Unknown or Malformed MAC Address,ARP,
2024-10-20 22:43:00,32:23:03:de:7e:c0,Unknown or Malformed MAC Address,ARP,
2024-10-20 22:43:01,32:23:03:de:7e:c0,Unknown or Malformed MAC Address,ARP,
2024-10-20 22:43:07,32:23:03:de:7e:c0,Unknown or Malformed MAC Address,ARP,
2024-10-20 22:43:08,32:23:03:de:7e:c0,Unknown or Malformed MAC Address,ARP,
2024-10-20 22:43:09,32:23:03:de:7e:c0,Unknown or Malformed MAC Address,ARP,
2024-10-20 22:43:10,10:ce:02:93:cd:c1,Unknown or Malformed MAC Address,ARP,
2024-10-20 22:43:11,10:ce:02:93:cd:c1,Unknown or Malformed MAC Address,ARP,
2024-10-20 22:43:12,10:ce:02:93:cd:c1,Unknown or Malformed MAC Address,ARP,
2024-10-20 22:43:14,10:ce:02:93:cd:c1,Unknown or Malformed MAC Address,ARP,
2024-10-20 22:43:15,10:ce:02:93:cd:c1,Unknown or Malformed MAC Address,ARP,
2024-10-20 22:43:16,10:ce:02:93:cd:c1,Unknown or Malformed MAC Address,ARP,
2024-10-20 22:44:03,74:24:9f:2f:dd:b9,Unknown or Malformed MAC Address,DHCP,
2024-10-20 22:44:17,32:23:03:de:7e:c0,Unknown or Malformed MAC Address,ARP,
2024-10-20 22:44:18,32:23:03:de:7e:c0,Unknown or Malformed MAC Address,ARP,
2024-10-20 22:44:19,32:23:03:de:7e:c0,Unknown or Malformed MAC Address,ARP,
2024-10-20 22:44:24,32:23:03:de:7e:c0,Unknown or Malformed MAC Address,ARP,
2024-10-20 22:44:25,32:23:03:de:7e:c0,Unknown or Malformed MAC Address,ARP,
2024-10-20 22:44:26,32:23:03:de:7e:c0,Unknown or Malformed MAC Address,ARP,
2024-10-20 22:44:30,32:23:03:de:7e:c0,Unknown or Malformed MAC Address,ARP,
2024-10-20 22:44:31,32:23:03:de:7e:c0,Unknown or Malformed MAC Address,ARP,
2024-10-20 22:44:32,32:23:03:de:7e:c0,Unknown or Malformed MAC Address,ARP,
2024-10-20 22:44:32,32:23:03:de:7e:c0,Unknown or Malformed MAC Address,ARP,
2024-10-20 22:44:33,32:23:03:de:7e:c0,Unknown or Malformed MAC Address,ARP,
2024-10-20 22:44:34,32:23:03:de:7e:c0,Unknown or Malformed MAC Address,ARP,
2024-10-20 22:44:37,32:23:03:de:7e:c0,Unknown or Malformed MAC Address,ARP,
2024-10-20 22:44:38,32:23:03:de:7e:c0,Unknown or Malformed MAC Address,ARP,
2024-10-20 22:44:39,32:23:03:de:7e:c0,Unknown or Malformed MAC Address,ARP,
2024-10-20 22:44:45,32:23:03:de:7e:c0,Unknown or Malformed MAC Address,ARP,
2024-10-20 22:44:46,32:23:03:de:7e:c0,Unknown or Malformed MAC Address,ARP,
2024-10-20 22:44:47,32:23:03:de:7e:c0,Unknown or Malformed MAC Address,ARP,
2024-10-20 22:45:10,32:23:03:de:7e:c0,Unknown or Malformed MAC Address,ARP,
2024-10-20 22:45:11,32:23:03:de:7e:c0,Unknown or Malformed MAC Address,ARP,
2024-10-20 22:45:12,32:23:03:de:7e:c0,Unknown or Malformed MAC Address,ARP,
2024-10-20 22:45:13,74:24:9f:2f:dd:b9,Unknown or Malformed MAC Address,DHCP,
2024-10-20 22:45:14,74:24:9f:2f:dd:b9,Unknown or Malformed MAC Address,ARP,
2024-10-20 22:45:17,32:23:03:de:7e:c0,Unknown or Malformed MAC Address,ARP,
2024-10-20 22:45:18,32:23:03:de:7e:c0,Unknown or Malformed MAC Address,ARP,
2024-10-20 22:45:19,32:23:03:de:7e:c0,Unknown or Malformed MAC Address,ARP,
2024-10-20 22:45:25,32:23:03:de:7e:c0,Unknown or Malformed MAC Address,ARP,
2024-10-20 22:45:26,74:24:9f:2f:dd:b9,Unknown or Malformed MAC Address,DHCP,
2024-10-20 22:45:26,32:23:03:de:7e:c0,Unknown or Malformed MAC Address,ARP,
2024-10-20 22:45:26,74:24:9f:2f:dd:b9,Unknown or Malformed MAC Address,DHCP,
2024-10-20 22:45:27,32:23:03:de:7e:c0,Unknown or Malformed MAC Address,ARP,
2024-10-20 22:45:27,74:24:9f:2f:dd:b9,Unknown or Malformed MAC Address,DHCP,
2024-10-20 22:45:28,74:24:9f:2f:dd:b9,Unknown or Malformed MAC Address,DHCP,
2024-10-20 22:45:29,74:24:9f:2f:dd:b9,Unknown or Malformed MAC Address,DHCP,
2024-10-20 22:45:29,74:24:9f:2f:dd:b9,Unknown or Malformed MAC Address,DHCP,
2024-10-20 22:46:30,32:23:03:DE:7E:C0,Unknown or Malformed MAC Address,ARP,
2024-10-20 22:46:31,32:23:03:DE:7E:C0,Unknown or Malformed MAC Address,ARP,
2024-10-20 22:46:32,32:23:03:DE:7E:C0,Unknown or Malformed MAC Address,ARP,
2024-10-20 22:46:37,32:23:03:DE:7E:C0,Unknown or Malformed MAC Address,ARP,
2024-10-20 22:46:38,32:23:03:DE:7E:C0,Unknown or Malformed MAC Address,ARP,
2024-10-20 22:46:39,32:23:03:DE:7E:C0,Unknown or Malformed MAC Address,ARP,
2024-10-20 22:46:45,32:23:03:DE:7E:C0,Unknown or Malformed MAC Address,ARP,
2024-10-20 22:46:46,32:23:03:DE:7E:C0,Unknown or Malformed MAC Address,ARP,
2024-10-20 22:46:47,32:23:03:DE:7E:C0,Unknown or Malformed MAC Address,ARP,
2024-10-20 22:46:48,32:23:03:DE:7E:C0,Unknown or Malformed MAC Address,ARP,
2024-10-20 22:46:49,32:23:03:DE:7E:C0,Unknown or Malformed MAC Address,ARP,
2024-10-20 22:46:50,32:23:03:DE:7E:C0,Unknown or Malformed MAC Address,ARP,
2024-10-20 22:46:55,32:23:03:DE:7E:C0,Unknown or Malformed MAC Address,ARP,
2024-10-20 22:46:56,32:23:03:DE:7E:C0,Unknown or Malformed MAC Address,ARP,
2024-10-20 22:46:57,32:23:03:DE:7E:C0,Unknown or Malformed MAC Address,ARP,
2024-10-20 22:47:03,32:23:03:DE:7E:C0,Unknown or Malformed MAC Address,ARP,
2024-10-20 22:47:04,32:23:03:DE:7E:C0,Unknown or Malformed MAC Address,ARP,
2024-10-20 22:47:05,32:23:03:DE:7E:C0,Unknown or Malformed MAC Address,ARP,
2024-10-20 22:47:08,32:23:03:DE:7E:C0,Unknown or Malformed MAC Address,ARP,
2024-10-20 22:47:09,32:23:03:DE:7E:C0,Unknown or Malformed MAC Address,ARP,
2024-10-20 22:47:10,32:23:03:DE:7E:C0,Unknown or Malformed MAC Address,ARP,
2024-10-20 22:47:15,32:23:03:DE:7E:C0,Unknown or Malformed MAC Address,ARP,
2024-10-20 22:47:16,32:23:03:DE:7E:C0,Unknown or Malformed MAC Address,ARP,
2024-10-20 22:47:17,32:23:03:DE:7E:C0,Unknown or Malformed MAC Address,ARP,
2024-10-20 22:47:23,32:23:03:DE:7E:C0,Unknown or Malformed MAC Address,ARP,
2024-10-20 22:47:24,32:23:03:DE:7E:C0,Unknown or Malformed MAC Address,ARP,
2024-10-20 22:47:25,32:23:03:DE:7E:C0,Unknown or Malformed MAC Address,ARP,
2024-10-20 22:48:47,A2:DA:BA:E9:65:C0,Unknown or Malformed MAC Address,DHCP,
2024-10-20 22:48:47,A2:DA:BA:E9:65:C0,Unknown or Malformed MAC Address,ARP,
2024-10-20 22:49:29,32:23:03:DE:7E:C0,Unknown or Malformed MAC Address,ARP,
2024-10-20 22:49:30,32:23:03:DE:7E:C0,Unknown or Malformed MAC Address,ARP,
2024-10-20 22:49:32,32:23:03:DE:7E:C0,Unknown or Malformed MAC Address,ARP,
2024-10-20 22:49:37,32:23:03:DE:7E:C0,Unknown or Malformed MAC Address,ARP,
2024-10-20 22:49:38,32:23:03:DE:7E:C0,Unknown or Malformed MAC Address,ARP,
2024-10-20 22:49:39,32:23:03:DE:7E:C0,Unknown or Malformed MAC Address,ARP,
2024-10-20 22:49:45,32:23:03:DE:7E:C0,Unknown or Malformed MAC Address,ARP,
2024-10-20 22:49:46,32:23:03:DE:7E:C0,Unknown or Malformed MAC Address,ARP,
2024-10-20 22:49:47,32:23:03:DE:7E:C0,Unknown or Malformed MAC Address,ARP,
2024-10-20 22:49:50,32:23:03:DE:7E:C0,Unknown or Malformed MAC Address,ARP,
2024-10-20 22:49:51,32:23:03:DE:7E:C0,Unknown or Malformed MAC Address,ARP,
